{
    "mae": 0.01662204873996576,
    "rmse": 0.027724197099161775,
    "r2_score": 0.9985609156565702
}