{
    "mae": 0.011543085241431123,
    "rmse": 0.019745647250209768,
    "r2_score": 0.9992700198658371
}