{
    "mae": 0.02304450078924361,
    "rmse": 0.03609358653003659,
    "r2_score": 0.9975609069382498
}