{
    "mae": 0.021549109805330563,
    "rmse": 0.031972939104977074,
    "r2_score": 0.9980860375464042
}